{"cameraMode":{"drawMode":0,"name":"Shaded","section":"Shading Mode"},"sceneLighting":true,"audioPlay":false,"sceneViewState":{"m_AlwaysRefresh":false,"showFog":true,"showSkybox":true,"showFlares":true,"showImageEffects":true,"showParticleSystems":true,"showVisualEffectGraphs":true,"m_FxEnabled":true},"in2DMode":false,"pivot":{"x":0.06299998611211777,"y":0.23900000751018525,"z":-2.065000057220459},"rotation":{"x":-0.059756528586149219,"y":-0.7577410936355591,"z":0.6463084816932678,"w":-0.06990882009267807},"size":2.102221727371216,"orthographic":false}